# id free-exercise-db<TAB>český název (návrh). Upravuj ručně, pak spusť build.py.
3_4_Sit-Up	Sedy-lehy do tří čtvrtin
90_90_Hamstring	Protažení hamstringů 90/90
Ab_Crunch_Machine	Zkracovačky na stroji
Ab_Roller	Břišní kolečko
Adductor	Masáž válcem – přitahovače
Adductor_Groin	Protažení třísel
Advanced_Kettlebell_Windmill	Pokročilý mlýnek s kettlebellem
Air_Bike	Kolo vleže (bicycle crunch)
All_Fours_Quad_Stretch	Protažení stehna v kleku na čtyřech
Alternate_Hammer_Curl	Střídavý kladivový zdvih
Alternate_Heel_Touchers	Střídavé dotyky pat
Alternate_Incline_Dumbbell_Curl	Střídavý bicepsový zdvih na šikmé lavici
Alternate_Leg_Diagonal_Bound	Střídavé diagonální odrazy
Alternating_Cable_Shoulder_Press	Střídavý tlak nad hlavu na kladkách
Alternating_Deltoid_Raise	Střídavé zdvihy jednoruček
Alternating_Floor_Press	Střídavý tlak s kettlebelly na zemi
Alternating_Hang_Clean	Střídavý přemístění s kettlebelly ze visu
Alternating_Kettlebell_Press	Střídavý tlak s kettlebelly nad hlavu
Alternating_Kettlebell_Row	Střídavé přítahy kettlebellů v předklonu
Alternating_Renegade_Row	Střídavý renegade row
Ankle_Circles	Kroužení kotníky
Ankle_On_The_Knee	Protažení s kotníkem na koleni
Anterior_Tibialis-SMR	Masáž válcem – přední strana holeně
Anti-Gravity_Press	Tlak s velkou činkou vleže na šikmé lavici (anti-gravity)
Arm_Circles	Kroužení pažemi
Arnold_Dumbbell_Press	Arnoldův tlak
Around_The_Worlds	Kruhy s jednoručkami vleže
Atlas_Stone_Trainer	Atlas stone (trenažér)
Atlas_Stones	Atlas stones (kameny)
Axle_Deadlift	Mrtvý tah s tlustou osou
Back_Flyes_-_With_Bands	Zapažování s gumou
Backward_Drag	Tažení saní pozpátku
Backward_Medicine_Ball_Throw	Hod medicinbalem vzad
Balance_Board	Balanční deska
Ball_Leg_Curl	Zakopávání s míčem
Band_Assisted_Pull-Up	Shyby s dopomocí gumy
Band_Good_Morning	Předklony s gumou (good morning)
Band_Good_Morning_Pull_Through	Protahování gumy mezi nohama (pull through)
Band_Hip_Adductions	Přitahování nohy s gumou
Band_Pull_Apart	Roztahování gumy
Band_Skull_Crusher	Francouzský tlak s gumou
Barbell_Ab_Rollout	Rollout s velkou činkou
Barbell_Ab_Rollout_-_On_Knees	Rollout s velkou činkou na kolenou
Barbell_Bench_Press_-_Medium_Grip	Bench press s velkou činkou
Barbell_Curl	Bicepsový zdvih s velkou činkou
Barbell_Curls_Lying_Against_An_Incline	Bicepsový zdvih vleže na šikmé lavici
Barbell_Deadlift	Mrtvý tah
Barbell_Full_Squat	Hluboký dřep s velkou činkou
Barbell_Glute_Bridge	Hýžďový most s velkou činkou
Barbell_Guillotine_Bench_Press	Gilotinový bench press
Barbell_Hack_Squat	Hack dřep s činkou za tělem
Barbell_Hip_Thrust	Hip thrust s velkou činkou
Barbell_Incline_Bench_Press_-_Medium_Grip	Bench press na šikmé lavici
Barbell_Incline_Shoulder_Raise	Předsun ramen s činkou na šikmé lavici
Barbell_Lunge	Výpady s velkou činkou
Barbell_Rear_Delt_Row	Přítahy velké činky pro zadní ramena
Barbell_Rollout_from_Bench	Rollout s velkou činkou z lavice
Barbell_Seated_Calf_Raise	Výpony vsedě s velkou činkou
Barbell_Shoulder_Press	Tlak s velkou činkou nad hlavu
Barbell_Shrug	Krčení ramen s velkou činkou
Barbell_Shrug_Behind_The_Back	Krčení ramen s činkou za tělem
Barbell_Side_Bend	Úklony s velkou činkou
Barbell_Side_Split_Squat	Boční výpadový dřep s velkou činkou
Barbell_Squat	Dřep s velkou činkou
Barbell_Squat_To_A_Bench	Dřep s velkou činkou na lavici
Barbell_Step_Ups	Výstupy na lavici s velkou činkou
Barbell_Walking_Lunge	Výpady v chůzi s velkou činkou
Battling_Ropes	Bojová lana
Bear_Crawl_Sled_Drags	Tažení saní v medvědí chůzi
Behind_Head_Chest_Stretch	Protažení hrudníku s rukama za hlavou
Bench_Dips	Kliky vzad o lavici
Bench_Jump	Přeskoky lavice
Bench_Press_-_Powerlifting	Bench press (silový trojboj)
Bench_Press_-_With_Bands	Bench press s gumami
Bench_Press_with_Chains	Bench press s řetězy
Bench_Sprint	Střídavé výstupy na lavici (sprint)
Bent-Arm_Barbell_Pullover	Pullover s velkou činkou s pokrčenými pažemi
Bent-Arm_Dumbbell_Pullover	Pullover s jednoručkou s pokrčenými pažemi
Bent-Knee_Hip_Raise	Zvedání pánve s pokrčenými koleny
Bent_Over_Barbell_Row	Přítahy velké činky v předklonu
Bent_Over_Dumbbell_Rear_Delt_Raise_With_Head_On_Bench	Zapažování s hlavou opřenou o lavici
Bent_Over_Low-Pulley_Side_Lateral	Zapažování na spodní kladce v předklonu
Bent_Over_One-Arm_Long_Bar_Row	Jednoruční přítahy osy v předklonu (landmine)
Bent_Over_Two-Arm_Long_Bar_Row	Přítahy osy v předklonu oběma rukama (landmine)
Bent_Over_Two-Dumbbell_Row	Přítahy jednoruček v předklonu
Bent_Over_Two-Dumbbell_Row_With_Palms_In	Přítahy jednoruček v předklonu neutrálním úchopem
Bent_Press	Bent press s kettlebellem
Bicycling	Jízda na kole
Bicycling_Stationary	Rotoped
Board_Press	Board press
Body-Up	Body-up (z předloktí do vzporu)
Body_Tricep_Press	Tricepsový tlak vlastní vahou
Bodyweight_Flyes	Rozpažování vlastní vahou
Bodyweight_Mid_Row	Přítahy vlastní vahou (TRX)
Bodyweight_Squat	Dřep s vlastní vahou
Bodyweight_Walking_Lunge	Výpady v chůzi s vlastní vahou
Bosu_Ball_Cable_Crunch_With_Side_Bends	Zkracovačky na kladce na bosu s úklony
Bottoms-Up_Clean_From_The_Hang_Position	Přemístění kettlebellu dnem vzhůru ze visu
Bottoms_Up	Zvedání pánve vleže (bottoms up)
Box_Jump_Multiple_Response	Opakované výskoky na bednu
Box_Skip	Skipink na bednu
Box_Squat	Dřep na bednu s činkou
Box_Squat_with_Bands	Dřep na bednu s gumami
Box_Squat_with_Chains	Dřep na bednu s řetězy
Brachialis-SMR	Masáž válcem – brachialis
Bradford_Rocky_Presses	Tlaky nad hlavu přes hlavu (Bradford press)
Butt-Ups	Zvedání pánve ve vzporu (butt-ups)
Butt_Lift_Bridge	Hýžďový most
Butterfly	Rozpažování na stroji (butterfly)
Cable_Chest_Press	Tlak na hrudník na kladkách
Cable_Crossover	Rozpažování na kladkách (crossover)
Cable_Crunch	Zkracovačky na kladce vkleče
Cable_Deadlifts	Mrtvý tah na kladce
Cable_Hammer_Curls_-_Rope_Attachment	Kladivový zdvih na kladce s lanem
Cable_Hip_Adduction	Přitahování nohy na kladce
Cable_Incline_Pushdown	Stlačování kladky na šikmé lavici
Cable_Incline_Triceps_Extension	Tricepsové extenze na kladce na šikmé lavici
Cable_Internal_Rotation	Vnitřní rotace ramene na kladce
Cable_Iron_Cross	Železný kříž na kladkách
Cable_Judo_Flip	Judo hod na kladce
Cable_Lying_Triceps_Extension	Tricepsové extenze vleže na kladce
Cable_One_Arm_Tricep_Extension	Jednoruční tricepsové extenze na kladce
Cable_Preacher_Curl	Scottův zdvih na kladce
Cable_Rear_Delt_Fly	Zapažování na kladkách
Cable_Reverse_Crunch	Obrácené zkracovačky na kladce
Cable_Rope_Overhead_Triceps_Extension	Tricepsové extenze nad hlavou s lanem
Cable_Rope_Rear-Delt_Rows	Přítahy lana na kladce pro zadní ramena
Cable_Russian_Twists	Ruský twist na kladce
Cable_Seated_Crunch	Zkracovačky vsedě na kladce
Cable_Seated_Lateral_Raise	Upažování vsedě na kladce
Cable_Shoulder_Press	Tlak nad hlavu na kladkách
Cable_Shrugs	Krčení ramen na kladce
Cable_Wrist_Curl	Zápěstní zdvihy na kladce
Calf-Machine_Shoulder_Shrug	Krčení ramen na stroji na lýtka
Calf_Press	Výpony na stroji
Calf_Press_On_The_Leg_Press_Machine	Výpony na leg pressu
Calf_Raise_On_A_Dumbbell	Výpony na jednoručce
Calf_Raises_-_With_Bands	Výpony s gumou
Calf_Stretch_Elbows_Against_Wall	Protažení lýtek s lokty o zeď
Calf_Stretch_Hands_Against_Wall	Protažení lýtek s rukama o zeď
Calves-SMR	Masáž válcem – lýtka
Car_Deadlift	Mrtvý tah auta
Car_Drivers	Volant s velkou činkou (car drivers)
Carioca_Quick_Step	Carioca (překřižované kroky)
Cat_Stretch	Kočičí hřbet
Catch_and_Overhead_Throw	Chycení a hod medicinbalem nad hlavou
Chain_Handle_Extension	Tricepsové extenze s řetězy
Chain_Press	Tlak s řetězy
Chair_Leg_Extended_Stretch	Protažení nohy na židli
Chair_Lower_Back_Stretch	Protažení spodních zad na židli
Chair_Squat	Dřep na židli
Chair_Upper_Body_Stretch	Protažení horní části těla na židli
Chest_And_Front_Of_Shoulder_Stretch	Protažení hrudníku a předních ramen
Chest_Push_from_3_point_stance	Odhod medicinbalu z hrudníku ze tříbodového postoje
Chest_Push_multiple_response	Opakovaný odhod medicinbalu z hrudníku
Chest_Push_single_response	Odhod medicinbalu z hrudníku
Chest_Push_with_Run_Release	Odhod medicinbalu z hrudníku s rozběhem
Chest_Stretch_on_Stability_Ball	Protažení hrudníku na gymnastickém míči
Childs_Pose	Pozice dítěte
Chin-Up	Shyby podhmatem
Chin_To_Chest_Stretch	Protažení šíje (brada k hrudi)
Circus_Bell	Circus bell (tlak nad hlavu)
Clean	Přemístění (clean)
Clean_Deadlift	Mrtvý tah v úchopu na přemístění
Clean_Pull	Přítah na přemístění (clean pull)
Clean_Shrug	Krčení ramen z přemístění
Clean_and_Jerk	Nadhoz (clean and jerk)
Clean_and_Press	Přemístění a tlak nad hlavu
Clean_from_Blocks	Přemístění z bloků
Clock_Push-Up	Kliky do kruhu (hodiny)
Close-Grip_Barbell_Bench_Press	Bench press úzkým úchopem
Close-Grip_Dumbbell_Press	Tlak s jednoručkami u sebe
Close-Grip_EZ-Bar_Curl_with_Band	Bicepsový zdvih s EZ činkou a gumou úzkým úchopem
Close-Grip_EZ-Bar_Press	Tlak s EZ činkou úzkým úchopem
Close-Grip_EZ_Bar_Curl	Bicepsový zdvih s EZ činkou úzkým úchopem
Close-Grip_Front_Lat_Pulldown	Stahování kladky úzkým úchopem
Close-Grip_Push-Up_off_of_a_Dumbbell	Kliky úzce o jednoručku
Close-Grip_Standing_Barbell_Curl	Bicepsový zdvih s velkou činkou úzkým úchopem
Cocoons	Kokony (zkracovačky s koleny k hrudi)
Conans_Wheel	Conanovo kolo
Concentration_Curls	Koncentrovaný zdvih
Cross-Body_Crunch	Zkracovačky přes tělo
Cross_Body_Hammer_Curl	Kladivový zdvih přes tělo
Cross_Over_-_With_Bands	Rozpažování s gumou (crossover)
Crossover_Reverse_Lunge	Zkřížený výpad vzad
Crucifix	Krucifix (výdrž v upažení)
Crunch_-_Hands_Overhead	Zkracovačky s rukama nad hlavou
Crunch_-_Legs_On_Exercise_Ball	Zkracovačky s nohama na míči
Crunches	Zkracovačky
Cuban_Press	Kubánský tlak
Dancers_Stretch	Protažení tanečníka
Dead_Bug	Brouk (dead bug)
Deadlift_with_Bands	Mrtvý tah s gumami
Deadlift_with_Chains	Mrtvý tah s řetězy
Decline_Barbell_Bench_Press	Bench press na lavici hlavou dolů
Decline_Close-Grip_Bench_To_Skull_Crusher	Bench press úzkým úchopem s francouzským tlakem hlavou dolů
Decline_Crunch	Zkracovačky na šikmé lavici
Decline_Dumbbell_Bench_Press	Tlak s jednoručkami na lavici hlavou dolů
Decline_Dumbbell_Flyes	Rozpažování hlavou dolů
Decline_Dumbbell_Triceps_Extension	Tricepsové extenze s jednoručkami hlavou dolů
Decline_EZ_Bar_Triceps_Extension	Tricepsové extenze s EZ činkou hlavou dolů
Decline_Oblique_Crunch	Šikmé zkracovačky na šikmé lavici
Decline_Push-Up	Kliky s nohama nahoře
Decline_Reverse_Crunch	Obrácené zkracovačky na šikmé lavici
Decline_Smith_Press	Tlak hlavou dolů v multipressu
Deficit_Deadlift	Mrtvý tah z vyvýšení (deficit)
Depth_Jump_Leap	Seskok a výskok (depth jump)
Dip_Machine	Tricepsový stroj (dipy)
Dips_-_Chest_Version	Kliky na bradlech (hrudník)
Dips_-_Triceps_Version	Kliky na bradlech (triceps)
Donkey_Calf_Raises	Oslí výpony
Double_Kettlebell_Alternating_Hang_Clean	Střídavé přemístění dvou kettlebellů ze visu
Double_Kettlebell_Jerk	Nadhoz se dvěma kettlebelly
Double_Kettlebell_Push_Press	Push press se dvěma kettlebelly
Double_Kettlebell_Snatch	Trh se dvěma kettlebelly
Double_Kettlebell_Windmill	Mlýnek se dvěma kettlebelly
Double_Leg_Butt_Kick	Zakopávání s výskokem
Downward_Facing_Balance	Váha ve vzporu na míči
Drag_Curl	Drag curl
Drop_Push	Kliky s dopadem (drop push)
Dumbbell_Alternate_Bicep_Curl	Střídavý bicepsový zdvih s jednoručkami
Dumbbell_Bench_Press	Bench press s jednoručkami
Dumbbell_Bench_Press_with_Neutral_Grip	Bench press s jednoručkami neutrálním úchopem
Dumbbell_Bicep_Curl	Bicepsový zdvih s jednoručkami
Dumbbell_Clean	Přemístění s jednoručkami
Dumbbell_Floor_Press	Tlak s jednoručkami na zemi
Dumbbell_Flyes	Rozpažování s jednoručkami
Dumbbell_Incline_Row	Přítahy jednoruček na šikmé lavici
Dumbbell_Incline_Shoulder_Raise	Předsun ramen s jednoručkami na šikmé lavici
Dumbbell_Lunges	Výpady s jednoručkami
Dumbbell_Lying_One-Arm_Rear_Lateral_Raise	Jednoruční zapažování vleže na boku
Dumbbell_Lying_Pronation	Pronace s jednoručkou vleže
Dumbbell_Lying_Rear_Lateral_Raise	Zapažování vleže na lavici
Dumbbell_Lying_Supination	Supinace s jednoručkou vleže
Dumbbell_One-Arm_Shoulder_Press	Jednoruční tlak s jednoručkou nad hlavu
Dumbbell_One-Arm_Triceps_Extension	Jednoruční tricepsová extenze
Dumbbell_One-Arm_Upright_Row	Jednoruční přítah jednoručky k bradě
Dumbbell_Prone_Incline_Curl	Bicepsový zdvih vleže na šikmé lavici
Dumbbell_Raise	Zdvihy jednoruček do upažení
Dumbbell_Rear_Lunge	Výpady vzad s jednoručkami
Dumbbell_Scaption	Zdvihy jednoruček do Y (scaption)
Dumbbell_Seated_Box_Jump	Výskok na bednu ze sedu s jednoručkami
Dumbbell_Seated_One-Leg_Calf_Raise	Jednonožné výpony vsedě s jednoručkou
Dumbbell_Shoulder_Press	Tlak s jednoručkami nad hlavu
Dumbbell_Shrug	Krčení ramen s jednoručkami
Dumbbell_Side_Bend	Úklony s jednoručkou
Dumbbell_Squat	Dřep s jednoručkami
Dumbbell_Squat_To_A_Bench	Dřep s jednoručkami na lavici
Dumbbell_Step_Ups	Výstupy na lavici s jednoručkami
Dumbbell_Tricep_Extension_-Pronated_Grip	Tricepsové extenze s jednoručkami nadhmatem
Dynamic_Back_Stretch	Dynamické protažení zad
Dynamic_Chest_Stretch	Dynamické protažení hrudníku
EZ-Bar_Curl	Bicepsový zdvih s EZ činkou
EZ-Bar_Skullcrusher	Francouzský tlak s EZ činkou
Elbow_Circles	Kroužení lokty
Elbow_to_Knee	Loket ke koleni
Elbows_Back	Lokty vzad (protažení)
Elevated_Back_Lunge	Výpady vzad z vyvýšení s činkou
Elevated_Cable_Rows	Veslování na kladce z vyvýšení
Elliptical_Trainer	Eliptický trenažér
Exercise_Ball_Crunch	Zkracovačky na gymnastickém míči
Exercise_Ball_Pull-In	Přitahování kolen na míči
Extended_Range_One-Arm_Kettlebell_Floor_Press	Jednoruční tlak s kettlebellem na zemi v plném rozsahu
External_Rotation	Vnější rotace ramene s jednoručkou
External_Rotation_with_Band	Vnější rotace ramene s gumou
External_Rotation_with_Cable	Vnější rotace ramene na kladce
Face_Pull	Face pull na kladce
Farmers_Walk	Farmářská chůze
Fast_Skipping	Rychlý skipink
Finger_Curls	Zdvihy prsty s velkou činkou
Flat_Bench_Cable_Flyes	Rozpažování na kladkách vleže na lavici
Flat_Bench_Leg_Pull-In	Přitahování kolen vsedě na lavici
Flat_Bench_Lying_Leg_Raise	Zvedání nohou vleže na lavici
Flexor_Incline_Dumbbell_Curls	Bicepsový zdvih na šikmé lavici s vytočením zápěstí
Floor_Glute-Ham_Raise	Glute ham raise na zemi
Floor_Press	Tlak s velkou činkou na zemi
Floor_Press_with_Chains	Tlak s velkou činkou na zemi s řetězy
Flutter_Kicks	Kmitání nohama
Foot-SMR	Masáž chodidla míčkem
Forward_Drag_with_Press	Tažení saní s tlakem
Frankenstein_Squat	Frankensteinův dřep
Freehand_Jump_Squat	Výskok z dřepu
Frog_Hops	Žabí skoky
Frog_Sit-Ups	Žabí sedy-lehy
Front_Barbell_Squat	Přední dřep
Front_Barbell_Squat_To_A_Bench	Přední dřep na lavici
Front_Box_Jump	Výskok vpřed na bednu
Front_Cable_Raise	Předpažování na kladce
Front_Cone_Hops_or_hurdle_hops	Přeskoky kuželů
Front_Dumbbell_Raise	Předpažování s jednoručkami
Front_Incline_Dumbbell_Raise	Předpažování vleže na šikmé lavici
Front_Leg_Raises	Švihy nohou vpřed
Front_Plate_Raise	Předpažování s kotoučem
Front_Raise_And_Pullover	Předpažování a pullover s velkou činkou
Front_Squat_Clean_Grip	Přední dřep (úchop na přemístění)
Front_Squats_With_Two_Kettlebells	Přední dřep se dvěma kettlebelly
Front_Two-Dumbbell_Raise	Předpažování s jednoručkami oběma rukama
Full_Range-Of-Motion_Lat_Pulldown	Stahování kladky v plném rozsahu
Gironda_Sternum_Chins	Girondovy shyby k hrudní kosti
Glute_Ham_Raise	Glute ham raise
Glute_Kickback	Zanožování v kleku
Goblet_Squat	Goblet dřep
Good_Morning	Předklony s činkou (good morning)
Good_Morning_off_Pins	Předklony s činkou ze stojanu (good morning)
Gorilla_Chin_Crunch	Gorilí shyb se zkracovačkou
Groin_and_Back_Stretch	Protažení třísel a zad
Groiners	Groiners (výpad do kliku)
Hack_Squat	Hack dřep na stroji
Hammer_Curls	Kladivový zdvih s jednoručkami
Hammer_Grip_Incline_DB_Bench_Press	Tlak s jednoručkami na šikmé lavici neutrálním úchopem
Hamstring-SMR	Masáž válcem – hamstringy
Hamstring_Stretch	Protažení hamstringů
Handstand_Push-Ups	Kliky ve stoji na rukou
Hang_Clean	Přemístění ze visu
Hang_Clean_-_Below_the_Knees	Přemístění ze visu pod koleny
Hang_Snatch	Trh ze visu
Hang_Snatch_-_Below_Knees	Trh ze visu pod koleny
Hanging_Bar_Good_Morning	Předklony s činkou zavěšenou (good morning)
Hanging_Leg_Raise	Zvedání nohou ve visu
Hanging_Pike	Zvedání propnutých nohou ve visu (pike)
Heaving_Snatch_Balance	Snatch balance s podřepem
Heavy_Bag_Thrust	Odhod boxovacího pytle
High_Cable_Curls	Bicepsový zdvih na horních kladkách
Hip_Circles_prone	Kroužení kyčlí vleže
Hip_Extension_with_Bands	Zanožování s gumou
Hip_Flexion_with_Band	Přednožování s gumou
Hip_Lift_with_Band	Zvedání pánve s gumou
Hug_A_Ball	Objetí míče (protažení zad)
Hug_Knees_To_Chest	Kolena k hrudi (protažení)
Hurdle_Hops	Přeskoky překážek
Hyperextensions_Back_Extensions	Zakláňění na hyperextenzi
Hyperextensions_With_No_Hyperextension_Bench	Zakláňění bez hyperextenzní lavice
IT_Band_and_Glute_Stretch	Protažení iliotibiálního pruhu a hýždí
Iliotibial_Tract-SMR	Masáž válcem – iliotibiální pruh
Inchworm	Píďalka (inchworm)
Incline_Barbell_Triceps_Extension	Tricepsové extenze s velkou činkou na šikmé lavici
Incline_Bench_Pull	Přítahy velké činky vleže na šikmé lavici
Incline_Cable_Chest_Press	Tlak na hrudník na kladkách na šikmé lavici
Incline_Cable_Flye	Rozpažování na kladkách na šikmé lavici
Incline_Dumbbell_Bench_With_Palms_Facing_In	Tlak s jednoručkami na šikmé lavici dlaněmi k sobě
Incline_Dumbbell_Curl	Bicepsový zdvih vsedě na šikmé lavici
Incline_Dumbbell_Flyes	Rozpažování na šikmé lavici
Incline_Dumbbell_Flyes_-_With_A_Twist	Rozpažování na šikmé lavici s vytočením
Incline_Dumbbell_Press	Tlak s jednoručkami na šikmé lavici
Incline_Hammer_Curls	Kladivový zdvih vsedě na šikmé lavici
Incline_Inner_Biceps_Curl	Bicepsový zdvih na šikmé lavici s pažemi od těla
Incline_Push-Up	Kliky s rukama na vyvýšené podložce
Incline_Push-Up_Close-Grip	Kliky úzce s rukama na vyvýšené podložce
Incline_Push-Up_Depth_Jump	Výskok z kliku na vyvýšenou podložku
Incline_Push-Up_Medium	Kliky na vyvýšené podložce středním úchopem
Incline_Push-Up_Reverse_Grip	Kliky na vyvýšené podložce podhmatem
Incline_Push-Up_Wide	Kliky široce s rukama na vyvýšené podložce
Intermediate_Groin_Stretch	Protažení třísel (pokročilé)
Intermediate_Hip_Flexor_and_Quad_Stretch	Protažení flexorů kyčle a stehna (pokročilé)
Internal_Rotation_with_Band	Vnitřní rotace ramene s gumou
Inverted_Row	Přítahy ve visu vzad (australské shyby)
Inverted_Row_with_Straps	Přítahy ve visu vzad v popruzích (TRX)
Iron_Cross	Železný kříž s jednoručkami
Iron_Crosses_stretch	Železný kříž (protažení)
Isometric_Chest_Squeezes	Izometrické stlačování dlaní
Isometric_Neck_Exercise_-_Front_And_Back	Izometrické posilování krku – vpřed a vzad
Isometric_Neck_Exercise_-_Sides	Izometrické posilování krku – do stran
Isometric_Wipers	Stěrače (izometrické)
JM_Press	JM press
Jackknife_Sit-Up	Sklapovačky (jackknife)
Janda_Sit-Up	Jandovy sedy-lehy
Jefferson_Squats	Jeffersonův dřep
Jerk_Balance	Jerk balance (nácvik nadhozu)
Jerk_Dip_Squat	Podřep pro nadhoz
Jogging_Treadmill	Běh na páse
Keg_Load	Nakládání sudu
Kettlebell_Arnold_Press	Arnoldův tlak s kettlebelly
Kettlebell_Dead_Clean	Přemístění kettlebellu ze země
Kettlebell_Figure_8	Osmičky s kettlebellem
Kettlebell_Halo	Halo s kettlebellem
Kettlebell_Halo_With_Overhead_Extension	Halo s kettlebellem a tricepsovou extenzí
Kettlebell_Hang_Clean	Přemístění kettlebellu ze visu
Kettlebell_One-Legged_Deadlift	Jednonožný mrtvý tah s kettlebellem
Kettlebell_Overhead_Triceps_Extension	Tricepsové extenze s kettlebellem nad hlavou
Kettlebell_Pass_Between_The_Legs	Podávání kettlebellu mezi nohama
Kettlebell_Pirate_Ships	Pirátské lodě s kettlebellem
Kettlebell_Pistol_Squat	Dřep na jedné noze s kettlebellem (pistol)
Kettlebell_Seated_Press	Tlak s kettlebelly nad hlavu vsedě
Kettlebell_Seesaw_Press	Střídavý tlak s kettlebelly (houpačka)
Kettlebell_Sumo_High_Pull	Sumo přítah s kettlebellem k bradě
Kettlebell_Thruster	Thruster s kettlebellem
Kettlebell_Turkish_Get-Up_Lunge_style	Turecký vstávání s kettlebellem (výpadem)
Kettlebell_Turkish_Get-Up_Squat_style	Turecký vstávání s kettlebellem (dřepem)
Kettlebell_Windmill	Mlýnek s kettlebellem
Kipping_Muscle_Up	Muscle up s kmihem
Knee_Across_The_Body	Koleno přes tělo (protažení)
Knee_Circles	Kroužení koleny
Knee_Hip_Raise_On_Parallel_Bars	Přitahování kolen na bradlech
Knee_Tuck_Jump	Výskok s koleny k hrudi
Kneeling_Arm_Drill	Pažní dril v kleku
Kneeling_Cable_Crunch_With_Alternating_Oblique_Twists	Zkracovačky na kladce vkleče se střídavou rotací
Kneeling_Cable_Triceps_Extension	Tricepsové extenze na kladce vkleče
Kneeling_Forearm_Stretch	Protažení předloktí v kleku
Kneeling_High_Pulley_Row	Přítahy horní kladky vkleče
Kneeling_Hip_Flexor	Protažení flexorů kyčle v kleku
Kneeling_Jump_Squat	Výskok z kleku do dřepu s činkou
Kneeling_Single-Arm_High_Pulley_Row	Jednoruční přítahy horní kladky vkleče
Kneeling_Squat	Dřep z kleku s činkou
Landmine_180s	Landmine 180
Landmine_Linear_Jammer	Landmine jammer (tlak osy)
Lateral_Bound	Boční odrazy
Lateral_Box_Jump	Boční výskok na bednu
Lateral_Cone_Hops	Boční přeskoky kuželů
Lateral_Raise_-_With_Bands	Upažování s gumou
Latissimus_Dorsi-SMR	Masáž válcem – široký sval zádový
Leg-Over_Floor_Press	Tlak s kettlebellem na zemi s nohou přes
Leg-Up_Hamstring_Stretch	Protažení hamstringů s nohou nahoře
Leg_Extensions	Předkopávání na stroji
Leg_Lift	Zakopávání ve stoje vlastní vahou
Leg_Press	Leg press
Leg_Pull-In	Přitahování kolen vleže
Leverage_Chest_Press	Tlak na hrudník na pákovém stroji
Leverage_Deadlift	Mrtvý tah na pákovém stroji
Leverage_Decline_Chest_Press	Tlak na hrudník dolů na pákovém stroji
Leverage_High_Row	Horní přítahy na pákovém stroji
Leverage_Incline_Chest_Press	Tlak na hrudník šikmo nahoru na pákovém stroji
Leverage_Iso_Row	Iso-laterální veslování na pákovém stroji
Leverage_Shoulder_Press	Tlak na ramena na pákovém stroji
Leverage_Shrug	Krčení ramen na pákovém stroji
Linear_3-Part_Start_Technique	Nácvik startu ve třech fázích
Linear_Acceleration_Wall_Drill	Akcelerační dril u zdi
Linear_Depth_Jump	Seskok a výskok vpřed
Log_Lift	Tlak klády nad hlavu
London_Bridges	London bridges (šplh na laně vleže)
Looking_At_Ceiling	Pohled ke stropu (protažení krku)
Low_Cable_Crossover	Rozpažování na kladkách zdola nahoru
Low_Cable_Triceps_Extension	Tricepsové extenze na spodní kladce
Low_Pulley_Row_To_Neck	Přítahy spodní kladky ke krku
Lower_Back-SMR	Masáž válcem – spodní záda
Lower_Back_Curl	Zaklánění vleže na břiše (protažení)
Lunge_Pass_Through	Výpady s podáváním kettlebellu
Lunge_Sprint	Výpadový sprint na stroji
Lying_Bent_Leg_Groin	Protažení třísel vleže s pokrčenou nohou
Lying_Cable_Curl	Bicepsový zdvih vleže na kladce
Lying_Cambered_Barbell_Row	Přítahy prohnuté činky vleže na lavici
Lying_Close-Grip_Bar_Curl_On_High_Pulley	Bicepsový zdvih vleže na horní kladce úzkým úchopem
Lying_Close-Grip_Barbell_Triceps_Extension_Behind_The_Head	Tricepsové extenze vleže za hlavu úzkým úchopem
Lying_Close-Grip_Barbell_Triceps_Press_To_Chin	Tricepsový tlak vleže k bradě úzkým úchopem
Lying_Crossover	Rotace vleže (protažení)
Lying_Dumbbell_Tricep_Extension	Tricepsové extenze s jednoručkami vleže
Lying_Face_Down_Plate_Neck_Resistance	Posilování krku s kotoučem vleže na břiše
Lying_Face_Up_Plate_Neck_Resistance	Posilování krku s kotoučem vleže na zádech
Lying_Glute	Protažení hýždí vleže
Lying_Hamstring	Protažení hamstringů vleže
Lying_High_Bench_Barbell_Curl	Bicepsový zdvih vleže na vysoké lavici
Lying_Leg_Curls	Zakopávání vleže na stroji
Lying_Machine_Squat	Dřep vleže na stroji
Lying_One-Arm_Lateral_Raise	Jednoruční upažování vleže na boku
Lying_Prone_Quadriceps	Protažení stehna vleže na břiše
Lying_Rear_Delt_Raise	Zapažování vleže
Lying_Supine_Dumbbell_Curl	Bicepsový zdvih s jednoručkami vleže na zádech
Lying_T-Bar_Row	T-bar přítahy vleže
Lying_Triceps_Press	Francouzský tlak vleže (skullcrusher)
Machine_Bench_Press	Bench press na stroji
Machine_Bicep_Curl	Bicepsový zdvih na stroji
Machine_Preacher_Curls	Scottův zdvih na stroji
Machine_Shoulder_Military_Press	Tlak na ramena na stroji
Machine_Triceps_Extension	Tricepsové extenze na stroji
Medicine_Ball_Chest_Pass	Přihrávka medicinbalem od hrudi
Medicine_Ball_Full_Twist	Rotace s medicinbalem
Medicine_Ball_Scoop_Throw	Hod medicinbalem nabíráním
Middle_Back_Shrug	Stahování lopatek s jednoručkami
Middle_Back_Stretch	Protažení středu zad
Mixed_Grip_Chin	Shyby smíšeným úchopem
Monster_Walk	Monster walk s gumou
Mountain_Climbers	Horolezec
Moving_Claw_Series	Běžecký dril „drápy“
Muscle_Snatch	Muscle snatch (trh bez podřepu)
Muscle_Up	Muscle up
Narrow_Stance_Hack_Squats	Hack dřep na stroji s úzkým postojem
Narrow_Stance_Leg_Press	Leg press s úzkým postojem
Narrow_Stance_Squats	Dřep s úzkým postojem
Natural_Glute_Ham_Raise	Glute ham raise vlastní vahou
Neck-SMR	Masáž krku
Neck_Press	Bench press ke krku
Oblique_Crunches	Šikmé zkracovačky
Oblique_Crunches_-_On_The_Floor	Šikmé zkracovačky na zemi
Olympic_Squat	Olympijský dřep
On-Your-Back_Quad_Stretch	Protažení stehna vleže na zádech
On_Your_Side_Quad_Stretch	Protažení stehna vleže na boku
One-Arm_Dumbbell_Row	Jednoruční přítahy jednoručky
One-Arm_Flat_Bench_Dumbbell_Flye	Jednoruční rozpažování na rovné lavici
One-Arm_High-Pulley_Cable_Side_Bends	Jednoruční úklony na horní kladce
One-Arm_Incline_Lateral_Raise	Jednoruční upažování na šikmé lavici
One-Arm_Kettlebell_Clean	Jednoruční přemístění kettlebellu
One-Arm_Kettlebell_Clean_and_Jerk	Jednoruční nadhoz s kettlebellem (clean and jerk)
One-Arm_Kettlebell_Floor_Press	Jednoruční tlak s kettlebellem na zemi
One-Arm_Kettlebell_Jerk	Jednoruční nadhoz s kettlebellem
One-Arm_Kettlebell_Military_Press_To_The_Side	Jednoruční tlak s kettlebellem s úklonem
One-Arm_Kettlebell_Para_Press	Jednoruční para press s kettlebellem
One-Arm_Kettlebell_Push_Press	Jednoruční push press s kettlebellem
One-Arm_Kettlebell_Row	Jednoruční přítahy kettlebellu
One-Arm_Kettlebell_Snatch	Jednoruční trh s kettlebellem
One-Arm_Kettlebell_Split_Jerk	Jednoruční nůžkový nadhoz s kettlebellem
One-Arm_Kettlebell_Split_Snatch	Jednoruční nůžkový trh s kettlebellem
One-Arm_Kettlebell_Swings	Jednoruční švihy s kettlebellem
One-Arm_Long_Bar_Row	Jednoruční přítahy osy (landmine)
One-Arm_Medicine_Ball_Slam	Jednoruční slam s medicinbalem
One-Arm_Open_Palm_Kettlebell_Clean	Jednoruční přemístění kettlebellu otevřenou dlaní
One-Arm_Overhead_Kettlebell_Squats	Jednoruční dřep s kettlebellem nad hlavou
One-Arm_Side_Deadlift	Jednoruční mrtvý tah bokem
One-Arm_Side_Laterals	Jednoruční upažování
One-Legged_Cable_Kickback	Zanožování na kladce
One_Arm_Against_Wall	Protažení paže o zeď
One_Arm_Chin-Up	Shyby na jedné ruce
One_Arm_Dumbbell_Bench_Press	Jednoruční bench press s jednoručkou
One_Arm_Dumbbell_Preacher_Curl	Jednoruční Scottův zdvih s jednoručkou
One_Arm_Floor_Press	Jednoruční tlak na zemi
One_Arm_Lat_Pulldown	Jednoruční stahování kladky
One_Arm_Pronated_Dumbbell_Triceps_Extension	Jednoruční tricepsové extenze nadhmatem
One_Arm_Supinated_Dumbbell_Triceps_Extension	Jednoruční tricepsové extenze podhmatem
One_Half_Locust	Poloviční kobylka (jóga)
One_Handed_Hang	Vis na jedné ruce
One_Knee_To_Chest	Koleno k hrudi (protažení)
One_Leg_Barbell_Squat	Dřep na jedné noze s velkou činkou
Open_Palm_Kettlebell_Clean	Přemístění kettlebellu otevřenou dlaní
Otis-Up	Otis-up (sed-leh s kotoučem)
Overhead_Cable_Curl	Bicepsový zdvih nad hlavou na kladkách
Overhead_Lat	Protažení širokého svalu zádového nad hlavou
Overhead_Slam	Slam s medicinbalem nad hlavou
Overhead_Squat	Dřep s činkou nad hlavou
Overhead_Stretch	Protažení nad hlavou
Overhead_Triceps	Protažení tricepsu nad hlavou
Pallof_Press	Pallofův tlak
Pallof_Press_With_Rotation	Pallofův tlak s rotací
Palms-Down_Dumbbell_Wrist_Curl_Over_A_Bench	Zápěstní zdvihy nadhmatem s jednoručkou přes lavici
Palms-Down_Wrist_Curl_Over_A_Bench	Zápěstní zdvihy nadhmatem přes lavici
Palms-Up_Barbell_Wrist_Curl_Over_A_Bench	Zápěstní zdvihy podhmatem s velkou činkou přes lavici
Palms-Up_Dumbbell_Wrist_Curl_Over_A_Bench	Zápěstní zdvihy podhmatem s jednoručkou přes lavici
Parallel_Bar_Dip	Kliky na bradlech
Pelvic_Tilt_Into_Bridge	Podsazení pánve do mostu
Peroneals-SMR	Masáž válcem – lýtkové svaly zvenku
Peroneals_Stretch	Protažení vnější strany lýtka
Physioball_Hip_Bridge	Hýžďový most na míči
Pin_Presses	Bench press ze zarážek
Piriformis-SMR	Masáž válcem – hruškovitý sval
Plank	Prkno (plank)
Plate_Pinch	Držení kotoučů prsty
Plate_Twist	Rotace s kotoučem
Platform_Hamstring_Slides	Zakopávání se skluzem
Plie_Dumbbell_Squat	Plié dřep s jednoručkou
Plyo_Kettlebell_Pushups	Výbušné kliky na kettlebellech
Plyo_Push-up	Výbušné kliky
Posterior_Tibialis_Stretch	Protažení zadní strany holeně
Power_Clean	Silové přemístění (power clean)
Power_Clean_from_Blocks	Silové přemístění z bloků
Power_Jerk	Silový nadhoz
Power_Partials	Částečné upažování s jednoručkami
Power_Snatch	Silový trh
Power_Snatch_from_Blocks	Silový trh z bloků
Power_Stairs	Power stairs (nošení závaží do schodů)
Preacher_Curl	Scottův zdvih s činkou
Preacher_Hammer_Dumbbell_Curl	Kladivový Scottův zdvih s jednoručkou
Press_Sit-Up	Sed-leh s tlakem činky
Prone_Manual_Hamstring	Zakopávání s ruční dopomocí
Prowler_Sprint	Sprint s prowlerem
Pull_Through	Protahování lana mezi nohama
Pullups	Shyby nadhmatem
Push-Up_Wide	Kliky široce
Push-Ups_-_Close_Triceps_Position	Kliky úzce (triceps)
Push-Ups_With_Feet_Elevated	Kliky s nohama nahoře
Push-Ups_With_Feet_On_An_Exercise_Ball	Kliky s nohama na míči
Push_Press	Push press (tlak s podřepem)
Push_Press_-_Behind_the_Neck	Push press za hlavou
Push_Up_to_Side_Plank	Klik do bočního prkna
Pushups	Kliky
Pushups_Close_and_Wide_Hand_Positions	Kliky úzce a široce
Pyramid	Pyramida na míči (protažení)
Quad_Stretch	Protažení stehna
Quadriceps-SMR	Masáž válcem – kvadricepsy
Quick_Leap	Rychlý odraz
Rack_Delivery	Nácvik polohy činky na ramenou
Rack_Pull_with_Bands	Mrtvý tah ze stojanu s gumami
Rack_Pulls	Mrtvý tah ze stojanu (rack pull)
Rear_Leg_Raises	Zanožování (protažení)
Recumbent_Bike	Ležaté kolo
Return_Push_from_Stance	Návratový odhod medicinbalu
Reverse_Band_Bench_Press	Bench press s obrácenými gumami
Reverse_Band_Box_Squat	Dřep na bednu s obrácenými gumami
Reverse_Band_Deadlift	Mrtvý tah s obrácenými gumami
Reverse_Band_Power_Squat	Dřep s obrácenými gumami
Reverse_Band_Sumo_Deadlift	Sumo mrtvý tah s obrácenými gumami
Reverse_Barbell_Curl	Zdvih nadhmatem s velkou činkou
Reverse_Barbell_Preacher_Curls	Scottův zdvih nadhmatem s EZ činkou
Reverse_Cable_Curl	Zdvih nadhmatem na kladce
Reverse_Crunch	Obrácené zkracovačky
Reverse_Flyes	Zapažování v předklonu
Reverse_Flyes_With_External_Rotation	Zapažování s vnější rotací
Reverse_Grip_Bent-Over_Rows	Přítahy velké činky podhmatem
Reverse_Grip_Triceps_Pushdown	Stlačování kladky podhmatem
Reverse_Hyperextension	Obrácená hyperextenze
Reverse_Machine_Flyes	Zapažování na stroji (reverse pec deck)
Reverse_Plate_Curls	Zdvih nadhmatem s kotoučem
Reverse_Triceps_Bench_Press	Bench press podhmatem
Rhomboids-SMR	Masáž válcem – rombické svaly
Rickshaw_Carry	Nošení rikši
Rickshaw_Deadlift	Mrtvý tah s rikšou
Ring_Dips	Kliky na kruzích
Rocket_Jump	Raketový výskok
Rocking_Standing_Calf_Raise	Výpony ve stoje s velkou činkou s kolébáním
Rocky_Pull-Ups_Pulldowns	Shyby a stahování za hlavu i před hlavu
Romanian_Deadlift	Rumunský mrtvý tah
Romanian_Deadlift_from_Deficit	Rumunský mrtvý tah z vyvýšení
Rope_Climb	Šplh na laně
Rope_Crunch	Zkracovačky s lanem na kladce
Rope_Jumping	Švihadlo
Rope_Straight-Arm_Pulldown	Stahování lana s propnutými pažemi
Round_The_World_Shoulder_Stretch	Protažení ramen kroužením
Rowing_Stationary	Veslovací trenažér
Runners_Stretch	Protažení běžce
Running_Treadmill	Běh na páse
Russian_Twist	Ruský twist
Sandbag_Load	Nakládání pytle s pískem
Scapular_Pull-Up	Lopatkové shyby
Scissor_Kick	Nůžky nohama
Scissors_Jump	Nůžkové výskoky
Seated_Band_Hamstring_Curl	Zakopávání vsedě s gumou
Seated_Barbell_Military_Press	Tlak s velkou činkou nad hlavu vsedě
Seated_Barbell_Twist	Rotace trupu vsedě s tyčí
Seated_Bent-Over_One-Arm_Dumbbell_Triceps_Extension	Jednoruční tricepsové extenze vsedě v předklonu
Seated_Bent-Over_Rear_Delt_Raise	Zapažování vsedě v předklonu
Seated_Bent-Over_Two-Arm_Dumbbell_Triceps_Extension	Tricepsové extenze s jednoručkami vsedě v předklonu
Seated_Biceps	Protažení bicepsu vsedě
Seated_Cable_Rows	Veslování na kladce vsedě
Seated_Cable_Shoulder_Press	Tlak nad hlavu na kladkách vsedě
Seated_Calf_Raise	Výpony vsedě
Seated_Calf_Stretch	Protažení lýtek vsedě
Seated_Close-Grip_Concentration_Barbell_Curl	Koncentrovaný zdvih s velkou činkou vsedě
Seated_Dumbbell_Curl	Bicepsový zdvih s jednoručkami vsedě
Seated_Dumbbell_Inner_Biceps_Curl	Bicepsový zdvih vsedě s pažemi od těla
Seated_Dumbbell_Palms-Down_Wrist_Curl	Zápěstní zdvihy nadhmatem s jednoručkami vsedě
Seated_Dumbbell_Palms-Up_Wrist_Curl	Zápěstní zdvihy podhmatem s jednoručkami vsedě
Seated_Dumbbell_Press	Tlak s jednoručkami vsedě
Seated_Flat_Bench_Leg_Pull-In	Přitahování kolen vsedě na rovné lavici
Seated_Floor_Hamstring_Stretch	Protažení hamstringů vsedě na zemi
Seated_Front_Deltoid	Protažení předních ramen vsedě
Seated_Glute	Protažení hýždí vsedě
Seated_Good_Mornings	Předklony s činkou vsedě (good morning)
Seated_Hamstring	Protažení hamstringů vsedě
Seated_Hamstring_and_Calf_Stretch	Protažení hamstringů a lýtek vsedě
Seated_Head_Harness_Neck_Resistance	Posilování krku s postrojem vsedě
Seated_Leg_Curl	Zakopávání vsedě (stroj)
Seated_Leg_Tucks	Přitahování kolen vsedě
Seated_One-Arm_Dumbbell_Palms-Down_Wrist_Curl	Jednoruční zápěstní zdvihy nadhmatem vsedě
Seated_One-Arm_Dumbbell_Palms-Up_Wrist_Curl	Jednoruční zápěstní zdvihy podhmatem vsedě
Seated_One-arm_Cable_Pulley_Rows	Jednoruční veslování na kladce vsedě
Seated_Overhead_Stretch	Protažení nad hlavou vsedě
Seated_Palm-Up_Barbell_Wrist_Curl	Zápěstní zdvihy podhmatem s velkou činkou vsedě
Seated_Palms-Down_Barbell_Wrist_Curl	Zápěstní zdvihy nadhmatem s velkou činkou vsedě
Seated_Side_Lateral_Raise	Upažování vsedě
Seated_Triceps_Press	Tricepsový tlak vsedě
Seated_Two-Arm_Palms-Up_Low-Pulley_Wrist_Curl	Zápěstní zdvihy podhmatem na spodní kladce vsedě
See-Saw_Press_Alternating_Side_Press	Střídavý tlak s jednoručkami s úklonem (see-saw)
Shotgun_Row	Jednoruční přítah na kladce s rotací (shotgun row)
Shoulder_Circles	Kroužení rameny
Shoulder_Press_-_With_Bands	Tlak nad hlavu s gumou
Shoulder_Raise	Zvedání ramen (protažení)
Shoulder_Stretch	Protažení ramen
Side-Lying_Floor_Stretch	Protažení vleže na boku
Side_Bridge	Boční prkno
Side_Hop-Sprint	Boční poskoky se sprintem
Side_Jackknife	Boční sklapovačky
Side_Lateral_Raise	Upažování s jednoručkami
Side_Laterals_to_Front_Raise	Upažování a předpažování s jednoručkami
Side_Leg_Raises	Unožování (švihy)
Side_Lying_Groin_Stretch	Protažení třísel vleže na boku
Side_Neck_Stretch	Protažení krku do strany
Side_Standing_Long_Jump	Skok do dálky z bočního postoje
Side_To_Side_Chins	Shyby se přesunem ze strany na stranu
Side_Wrist_Pull	Protažení zápěstí do strany
Side_to_Side_Box_Shuffle	Přeskoky bedny ze strany na stranu
Single-Arm_Cable_Crossover	Jednoruční crossover
Single-Arm_Linear_Jammer	Jednoruční landmine jammer
Single-Arm_Push-Up	Klik na jedné ruce
Single-Cone_Sprint_Drill	Sprinterský dril kolem kuželu
Single-Leg_High_Box_Squat	Dřep na jedné noze na vysokou bednu
Single-Leg_Hop_Progression	Jednonožné poskoky (progrese)
Single-Leg_Lateral_Hop	Jednonožné boční poskoky
Single-Leg_Leg_Extension	Jednonožné předkopávání
Single-Leg_Stride_Jump	Jednonožné odrazy v kroku
Single_Dumbbell_Raise	Předpažování s jednou jednoručkou
Single_Leg_Butt_Kick	Jednonožné zakopávání s výskokem
Single_Leg_Glute_Bridge	Jednonožný hýžďový most
Single_Leg_Push-off	Jednonožný odraz
Sit-Up	Sedy-lehy
Sit_Squats	Dřep do sedu (protažení)
Skating	Bruslení
Sled_Drag_-_Harness	Tažení saní v postroji
Sled_Overhead_Backward_Walk	Chůze pozpátku se saněmi, ruce nad hlavou
Sled_Overhead_Triceps_Extension	Tricepsové extenze nad hlavou se saněmi
Sled_Push	Tlačení saní
Sled_Reverse_Flye	Zapažování se saněmi
Sled_Row	Přítahy saní
Sledgehammer_Swings	Údery kladivem do pneumatiky
Smith_Incline_Shoulder_Raise	Předsun ramen v multipressu na šikmé lavici
Smith_Machine_Behind_the_Back_Shrug	Krčení ramen za tělem v multipressu
Smith_Machine_Bench_Press	Bench press v multipressu
Smith_Machine_Bent_Over_Row	Přítahy v předklonu v multipressu
Smith_Machine_Calf_Raise	Výpony v multipressu
Smith_Machine_Close-Grip_Bench_Press	Bench press úzkým úchopem v multipressu
Smith_Machine_Decline_Press	Tlak hlavou dolů v multipressu
Smith_Machine_Hang_Power_Clean	Silové přemístění ze visu v multipressu
Smith_Machine_Hip_Raise	Zvedání pánve v multipressu
Smith_Machine_Incline_Bench_Press	Tlak na šikmé lavici v multipressu
Smith_Machine_Leg_Press	Leg press v multipressu
Smith_Machine_One-Arm_Upright_Row	Jednoruční přítah k bradě v multipressu
Smith_Machine_Overhead_Shoulder_Press	Tlak nad hlavu v multipressu
Smith_Machine_Pistol_Squat	Dřep na jedné noze v multipressu
Smith_Machine_Reverse_Calf_Raises	Obrácené výpony v multipressu (holeně)
Smith_Machine_Squat	Dřep v multipressu
Smith_Machine_Stiff-Legged_Deadlift	Mrtvý tah s propnutými koleny v multipressu
Smith_Machine_Upright_Row	Přítahy k bradě v multipressu
Smith_Single-Leg_Split_Squat	Jednonožný výpadový dřep v multipressu
Snatch	Trh (snatch)
Snatch_Balance	Snatch balance (nácvik trhu)
Snatch_Deadlift	Mrtvý tah v úchopu na trh
Snatch_Pull	Přítah na trh (snatch pull)
Snatch_Shrug	Krčení ramen z trhu
Snatch_from_Blocks	Trh z bloků
Speed_Band_Overhead_Triceps	Rychlé tricepsové extenze s gumou nad hlavou
Speed_Box_Squat	Rychlý dřep na bednu
Speed_Squats	Rychlé dřepy s velkou činkou
Spell_Caster	Kouzelník (spell caster)
Spider_Crawl	Pavoučí lezení
Spider_Curl	Spider curl s EZ činkou
Spinal_Stretch	Protažení páteře
Split_Clean	Přemístění do nůžek
Split_Jerk	Nůžkový nadhoz
Split_Jump	Výskoky z výpadu
Split_Snatch	Trh do nůžek
Split_Squat_with_Dumbbells	Výpadový dřep na místě s jednoručkami
Split_Squats	Střídavé výskoky z výpadu
Squat_Jerk	Nadhoz s podřepem
Squat_with_Bands	Dřep s gumami
Squat_with_Chains	Dřep s řetězy
Squat_with_Plate_Movers	Dřep s kotouči (plate movers)
Squats_-_With_Bands	Dřep s gumou
Stairmaster	Schodový trenažér (Stairmaster)
Standing_Alternating_Dumbbell_Press	Střídavý tlak s jednoručkami nad hlavu ve stoje
Standing_Barbell_Calf_Raise	Výpony ve stoje s velkou činkou
Standing_Barbell_Press_Behind_Neck	Tlak s velkou činkou za hlavou ve stoje
Standing_Bent-Over_One-Arm_Dumbbell_Triceps_Extension	Jednoruční tricepsové extenze ve stoje v předklonu
Standing_Bent-Over_Two-Arm_Dumbbell_Triceps_Extension	Tricepsové extenze s jednoručkami ve stoje v předklonu
Standing_Biceps_Cable_Curl	Bicepsový zdvih na kladce ve stoje
Standing_Biceps_Stretch	Protažení bicepsu ve stoje
Standing_Bradford_Press	Bradfordův tlak ve stoje
Standing_Cable_Chest_Press	Tlak na hrudník na kladkách ve stoje
Standing_Cable_Lift	Dřevorubec na kladce zdola nahoru
Standing_Cable_Wood_Chop	Dřevorubec na kladce
Standing_Calf_Raises	Výpony ve stoje na stroji
Standing_Concentration_Curl	Koncentrovaný zdvih ve stoje
Standing_Dumbbell_Calf_Raise	Výpony ve stoje s jednoručkami
Standing_Dumbbell_Press	Tlak s jednoručkami nad hlavu ve stoje
Standing_Dumbbell_Reverse_Curl	Zdvih nadhmatem s jednoručkami ve stoje
Standing_Dumbbell_Straight-Arm_Front_Delt_Raise_Above_Head	Předpažování s jednoručkami až nad hlavu
Standing_Dumbbell_Triceps_Extension	Tricepsové extenze s jednoručkou nad hlavou
Standing_Dumbbell_Upright_Row	Přítahy jednoruček k bradě
Standing_Elevated_Quad_Stretch	Protažení stehna ve stoje s nohou nahoře
Standing_Front_Barbell_Raise_Over_Head	Předpažování s velkou činkou až nad hlavu
Standing_Gastrocnemius_Calf_Stretch	Protažení lýtka ve stoje
Standing_Hamstring_and_Calf_Stretch	Protažení hamstringů a lýtek ve stoje
Standing_Hip_Circles	Kroužení kyčlemi ve stoje
Standing_Hip_Flexors	Protažení flexorů kyčle ve stoje
Standing_Inner-Biceps_Curl	Bicepsový zdvih ve stoje s pažemi od těla
Standing_Lateral_Stretch	Úklon ve stoje (protažení)
Standing_Leg_Curl	Zakopávání ve stoje (stroj)
Standing_Long_Jump	Skok do dálky z místa
Standing_Low-Pulley_Deltoid_Raise	Upažování na spodní kladce ve stoje
Standing_Low-Pulley_One-Arm_Triceps_Extension	Jednoruční tricepsové extenze na spodní kladce ve stoje
Standing_Military_Press	Vojenský tlak ve stoje
Standing_Olympic_Plate_Hand_Squeeze	Mačkání kotouče rukou
Standing_One-Arm_Cable_Curl	Jednoruční bicepsový zdvih na kladce
Standing_One-Arm_Dumbbell_Curl_Over_Incline_Bench	Jednoruční bicepsový zdvih přes šikmou lavici ve stoje
Standing_One-Arm_Dumbbell_Triceps_Extension	Jednoruční tricepsové extenze nad hlavou ve stoje
Standing_Overhead_Barbell_Triceps_Extension	Tricepsové extenze s velkou činkou nad hlavou ve stoje
Standing_Palm-In_One-Arm_Dumbbell_Press	Jednoruční tlak s jednoručkou nad hlavu neutrálním úchopem
Standing_Palms-In_Dumbbell_Press	Tlak s jednoručkami nad hlavu neutrálním úchopem
Standing_Palms-Up_Barbell_Behind_The_Back_Wrist_Curl	Zápěstní zdvihy za zády
Standing_Pelvic_Tilt	Podsazení pánve ve stoje
Standing_Rope_Crunch	Zkracovačky s lanem ve stoje
Standing_Soleus_And_Achilles_Stretch	Protažení lýtka a Achillovy šlachy ve stoje
Standing_Toe_Touches	Předklon k prstům ve stoje
Standing_Towel_Triceps_Extension	Tricepsové extenze s ručníkem
Standing_Two-Arm_Overhead_Throw	Hod medicinbalem nad hlavou ve stoje
Star_Jump	Hvězdicový výskok
Step-up_with_Knee_Raise	Výstup na lavici s přitažením kolene
Step_Mill	Schodový trenažér
Stiff-Legged_Barbell_Deadlift	Mrtvý tah s propnutými koleny
Stiff-Legged_Dumbbell_Deadlift	Mrtvý tah s propnutými koleny s jednoručkami
Stiff_Leg_Barbell_Good_Morning	Předklony s činkou s propnutými koleny (good morning)
Stomach_Vacuum	Vtahování břicha (vakuum)
Straight-Arm_Dumbbell_Pullover	Pullover s jednoručkou
Straight-Arm_Pulldown	Stahování kladky s propnutými pažemi
Straight_Bar_Bench_Mid_Rows	Přítahy velké činky vleže na lavici
Straight_Raises_on_Incline_Bench	Zdvihy propnutých paží na šikmé lavici
Stride_Jump_Crossover	Odrazy v kroku s překřížením
Sumo_Deadlift	Sumo mrtvý tah
Sumo_Deadlift_with_Bands	Sumo mrtvý tah s gumami
Sumo_Deadlift_with_Chains	Sumo mrtvý tah s řetězy
Superman	Superman
Supine_Chest_Throw	Odhod medicinbalu od hrudi vleže
Supine_One-Arm_Overhead_Throw	Jednoruční hod medicinbalem nad hlavou vleže
Supine_Two-Arm_Overhead_Throw	Hod medicinbalem nad hlavou vleže
Suspended_Fallout	Rollout v TRX
Suspended_Push-Up	Kliky v TRX
Suspended_Reverse_Crunch	Obrácené zkracovačky v TRX
Suspended_Row	Přítahy v TRX
Suspended_Split_Squat	Bulharský dřep v TRX
Svend_Press	Svend press
T-Bar_Row_with_Handle	T-bar přítahy s držadlem
Tate_Press	Tate press
The_Straddle	Protažení v roznožení
Thigh_Abductor	Unožování na stroji (abdukce)
Thigh_Adductor	Přitahování nohou na stroji (addukce)
Tire_Flip	Převracení pneumatiky
Toe_Touchers	Dotyky prstů u nohou vleže
Torso_Rotation	Rotace trupu na míči
Trail_Running_Walking	Běh nebo chůze v terénu
Trap_Bar_Deadlift	Mrtvý tah s trap bar činkou
Tricep_Dumbbell_Kickback	Zanožování předloktí s jednoručkou (kickback)
Tricep_Side_Stretch	Protažení tricepsu do strany
Triceps_Overhead_Extension_with_Rope	Tricepsové extenze nad hlavou na kladce s lanem
Triceps_Pushdown	Stlačování kladky na triceps
Triceps_Pushdown_-_Rope_Attachment	Stlačování kladky s lanem
Triceps_Pushdown_-_V-Bar_Attachment	Stlačování kladky s V-držadlem
Triceps_Stretch	Protažení tricepsu
Tuck_Crunch	Zkracovačky se skrčenýma nohama
Two-Arm_Dumbbell_Preacher_Curl	Scottův zdvih s jednoručkami
Two-Arm_Kettlebell_Clean	Přemístění dvou kettlebellů
Two-Arm_Kettlebell_Jerk	Nadhoz se dvěma kettlebelly
Two-Arm_Kettlebell_Military_Press	Tlak se dvěma kettlebelly nad hlavu
Two-Arm_Kettlebell_Row	Přítahy dvou kettlebellů v předklonu
Underhand_Cable_Pulldowns	Stahování kladky podhmatem
Upper_Back-Leg_Grab	Protažení horních zad s úchopem nohou
Upper_Back_Stretch	Protažení horních zad
Upright_Barbell_Row	Přítahy velké činky k bradě
Upright_Cable_Row	Přítahy kladky k bradě
Upright_Row_-_With_Bands	Přítahy gumy k bradě
Upward_Stretch	Protažení vzhůru
V-Bar_Pulldown	Stahování kladky s V-držadlem
V-Bar_Pullup	Shyby s V-držadlem
Vertical_Swing	Vertikální švih s jednoručkou
Walking_Treadmill	Chůze na páse
Weighted_Ball_Hyperextension	Zakláňění na míči se zátěží
Weighted_Ball_Side_Bend	Úklony na míči se zátěží
Weighted_Bench_Dip	Kliky vzad o lavici se zátěží
Weighted_Crunches	Zkracovačky se zátěží
Weighted_Jump_Squat	Výskok z dřepu se zátěží
Weighted_Pull_Ups	Shyby se zátěží
Weighted_Sissy_Squat	Sissy dřep se zátěží
Weighted_Sit-Ups_-_With_Bands	Sedy-lehy s gumou
Weighted_Squat	Dřep se zátěží na opasku
Wide-Grip_Barbell_Bench_Press	Bench press širokým úchopem
Wide-Grip_Decline_Barbell_Bench_Press	Bench press hlavou dolů širokým úchopem
Wide-Grip_Decline_Barbell_Pullover	Pullover s velkou činkou hlavou dolů širokým úchopem
Wide-Grip_Lat_Pulldown	Stahování kladky širokým úchopem
Wide-Grip_Pulldown_Behind_The_Neck	Stahování kladky za hlavu širokým úchopem
Wide-Grip_Rear_Pull-Up	Shyby za hlavu širokým úchopem
Wide-Grip_Standing_Barbell_Curl	Bicepsový zdvih s velkou činkou širokým úchopem
Wide_Stance_Barbell_Squat	Dřep s velkou činkou širokým postojem
Wide_Stance_Stiff_Legs	Mrtvý tah s propnutými koleny širokým postojem
Wind_Sprints	Sprinty (wind sprints)
Windmills	Mlýnky
Worlds_Greatest_Stretch	Nejlepší protažení na světě (world's greatest stretch)
Wrist_Circles	Kroužení zápěstími
Wrist_Roller	Navíjení závaží na tyč
Wrist_Rotations_with_Straight_Bar	Rotace zápěstí s tyčí
Yoke_Walk	Chůze s jhem (yoke walk)
Zercher_Squats	Zercherův dřep
Zottman_Curl	Zottmanův zdvih
Zottman_Preacher_Curl	Zottmanův Scottův zdvih
